P_ACCNUM,Q_ACCNUM,C_ACCNUM,m,n,k,p,HS?,log(p),DS(p),DS(p),min_rec_length,breakpoints
MT671301.1 Codon alignment [7801-8200],MG589939.1 Codon alignment [7801-8200],FJ402885.1 Codon alignment [7801-8200],19,22,16,0.000217471970,0,-3.6626,0.02576,2.576183e-02,103,0-2 & 273-273,0-2 & 279-281
FJ402885.1 Codon alignment [7801-8200],OQ565596.1 Codon alignment [7801-8200],MT671301.1 Codon alignment [7801-8200],11,25,22,0.000098567718,0,-4.0063,0.01176,1.175902e-02,100,0-2 & 249-273,0-2 & 279-284
