CDS	LRT	p-value	SelectedSites
Coronaviridae_26_KY581700.1_ASU45872.1	20.740752	5e-06	
Coronaviridae_26_KY581700.1_ASU45873.1	8.599528	0.003363	
Coronaviridae_26_KY581700.1_ASU45876.1	2.919438	0.087518	
Coronaviridae_26_KY581700.1_ASU45878.1	0	1.0	
Coronaviridae_26_KY581700.1_ASU45879.1	1.464876	0.226156	
Coronaviridae_26_KY581700.1_ASU45880.1	.451526	0.501611	
