CDS	LRT	p-value	SelectedSites
Astroviridae_43_OQ198042.1_WDW25706.1	9.733748	0.007697	
Astroviridae_43_OQ198042.1_WDW25707.1	10.379352	0.005574	
Astroviridae_43_OQ198042.1_WDW25708.1	23.034794	1e-05	
